"DESCRIPTION","DURATION IN MS","NAME","PARENT SUITE","START TIME","STATUS","STOP TIME","SUB SUITE","SUITE","TEST CLASS","TEST METHOD"
"En tant que nouvel utilisateur d'Automation Exercise
  Je veux pouvoir créer un compte depuis la page de connexion
  Afin d'accéder aux fonctionnalités réservées et gérer mon profil","453","Inscription complète en trois étapes","","2026-07-24","broken","2026-07-24","","","",""
"En tant que nouvel utilisateur d'Automation Exercise
  Je veux pouvoir créer un compte depuis la page de connexion
  Afin d'accéder aux fonctionnalités réservées et gérer mon profil","333","Champs obligatoires vides","","2026-07-24","broken","2026-07-24","","","",""
"En tant que nouvel utilisateur d'Automation Exercise
  Je veux pouvoir créer un compte depuis la page de connexion
  Afin d'accéder aux fonctionnalités réservées et gérer mon profil","341","Email déjà existant","","2026-07-24","broken","2026-07-24","","","",""
